<?xml version="1.0" encoding="UTF-8"?>
<GenRun Id="impl_1" LaunchPart="xc7a35tcpg236-1" LaunchTime="1715174806">
  <File Type="BITSTR-BMM" Name="UART_controller_bd.bmm"/>
  <File Type="PA-TCL" Name="UART_controller.tcl"/>
  <File Type="OPT-DCP" Name="UART_controller_opt.dcp"/>
  <File Type="REPORTS-TCL" Name="UART_controller_reports.tcl"/>
  <File Type="OPT-HWDEF" Name="UART_controller.hwdef"/>
  <File Type="PWROPT-DCP" Name="UART_controller_pwropt.dcp"/>
  <File Type="BG-BGN" Name="UART_controller.bgn"/>
  <File Type="PLACE-DCP" Name="UART_controller_placed.dcp"/>
  <File Type="PLACE-PRE-SIMILARITY" Name="UART_controller_incremental_reuse_pre_placed.rpt"/>
  <File Type="POSTPLACE-PWROPT-DCP" Name="UART_controller_postplace_pwropt.dcp"/>
  <File Type="BG-BIN" Name="UART_controller.bin"/>
  <File Type="PHYSOPT-DCP" Name="UART_controller_physopt.dcp"/>
  <File Type="BITSTR-MSK" Name="UART_controller.msk"/>
  <File Type="ROUTE-ERROR-DCP" Name="UART_controller_routed_error.dcp"/>
  <File Type="ROUTE-DCP" Name="UART_controller_routed.dcp"/>
  <File Type="ROUTE-BLACKBOX-DCP" Name="UART_controller_routed_bb.dcp"/>
  <File Type="BITSTR-LTX" Name="UART_controller.ltx"/>
  <File Type="BITSTR-MMI" Name="UART_controller.mmi"/>
  <File Type="BITSTR-SYSDEF" Name="UART_controller.sysdef"/>
  <File Type="ROUTE-TIMING-PB" Name="UART_controller_timing_summary_routed.pb"/>
  <File Type="RDI-RDI" Name="UART_controller.vdi"/>
  <File Type="POSTROUTE-PHYSOPT-DCP" Name="UART_controller_postroute_physopt.dcp"/>
  <File Type="POSTROUTE-PHYSOPT-BLACKBOX-DCP" Name="UART_controller_postroute_physopt_bb.dcp"/>
  <File Type="BG-BIT" Name="UART_controller.bit"/>
  <File Type="BITSTR-RBT" Name="UART_controller.rbt"/>
  <File Type="BITSTR-NKY" Name="UART_controller.nky"/>
  <File Type="BG-DRC" Name="UART_controller.drc"/>
  <File Type="WBT-USG" Name="usage_statistics_webtalk.html"/>
  <FileSet Name="sources" Type="DesignSrcs" RelSrcDir="$PSRCDIR/sources_1">
    <Filter Type="Srcs"/>
    <File Path="$PSRCDIR/sources_1/new/TX_button_debounce.vhd">
      <FileInfo>
        <Attr Name="ImportPath" Val="$PPRDIR/../../../../UART.srcs/sources_1/new/TX_button_debounce.vhd"/>
        <Attr Name="ImportTime" Val="1715143390"/>
        <Attr Name="UsedIn" Val="synthesis"/>
        <Attr Name="UsedIn" Val="simulation"/>
      </FileInfo>
    </File>
    <File Path="$PSRCDIR/sources_1/new/UART.vhd">
      <FileInfo>
        <Attr Name="ImportPath" Val="$PPRDIR/../../../../UART.srcs/sources_1/new/UART.vhd"/>
        <Attr Name="ImportTime" Val="1715143981"/>
        <Attr Name="UsedIn" Val="synthesis"/>
        <Attr Name="UsedIn" Val="simulation"/>
      </FileInfo>
    </File>
    <File Path="$PSRCDIR/sources_1/new/UART_rx.vhd">
      <FileInfo>
        <Attr Name="ImportPath" Val="$PPRDIR/../../../../UART.srcs/sources_1/new/UART_rx.vhd"/>
        <Attr Name="ImportTime" Val="1715140028"/>
        <Attr Name="UsedIn" Val="synthesis"/>
        <Attr Name="UsedIn" Val="simulation"/>
      </FileInfo>
    </File>
    <File Path="$PSRCDIR/sources_1/new/UART_tx.vhd">
      <FileInfo>
        <Attr Name="ImportPath" Val="$PPRDIR/../../../../UART.srcs/sources_1/new/UART_tx.vhd"/>
        <Attr Name="ImportTime" Val="1715140065"/>
        <Attr Name="UsedIn" Val="synthesis"/>
        <Attr Name="UsedIn" Val="simulation"/>
      </FileInfo>
    </File>
    <File Path="$PSRCDIR/sources_1/new/UART_control.vhd">
      <FileInfo>
        <Attr Name="ImportPath" Val="$PPRDIR/../../../../UART.srcs/sources_1/new/UART_control.vhd"/>
        <Attr Name="ImportTime" Val="1715174635"/>
        <Attr Name="UsedIn" Val="synthesis"/>
        <Attr Name="UsedIn" Val="simulation"/>
      </FileInfo>
    </File>
    <Config>
      <Option Name="DesignMode" Val="RTL"/>
      <Option Name="TopModule" Val="UART_controller"/>
      <Option Name="TopAutoSet" Val="TRUE"/>
    </Config>
  </FileSet>
  <FileSet Name="constrs_in" Type="Constrs" RelSrcDir="$PSRCDIR/constrs_1">
    <Filter Type="Constrs"/>
    <File Path="$PSRCDIR/constrs_1/new/Constraint.xdc">
      <FileInfo>
        <Attr Name="ImportPath" Val="$PPRDIR/../../../../UART.srcs/constrs_1/new/Constraint.xdc"/>
        <Attr Name="ImportTime" Val="1715138153"/>
        <Attr Name="UsedIn" Val="synthesis"/>
        <Attr Name="UsedIn" Val="implementation"/>
      </FileInfo>
    </File>
    <Config>
      <Option Name="ConstrsType" Val="XDC"/>
    </Config>
  </FileSet>
  <FileSet Name="utils" Type="Utils" RelSrcDir="$PSRCDIR/utils_1">
    <Filter Type="Utils"/>
    <Config>
      <Option Name="TopAutoSet" Val="TRUE"/>
    </Config>
  </FileSet>
  <Strategy Version="1" Minor="2">
    <StratHandle Name="Vivado Implementation Defaults" Flow="Vivado Implementation 2019"/>
    <Step Id="init_design"/>
    <Step Id="opt_design"/>
    <Step Id="power_opt_design"/>
    <Step Id="place_design"/>
    <Step Id="post_place_power_opt_design"/>
    <Step Id="phys_opt_design"/>
    <Step Id="route_design"/>
    <Step Id="post_route_phys_opt_design"/>
    <Step Id="write_bitstream"/>
  </Strategy>
</GenRun>
