<?xml version="1.0" encoding="UTF-8"?>
<GenRun Id="fifo_generator_synth_1" LaunchPart="xc7a35tcpg236-1" LaunchTime="1749145030">
  <File Type="PA-TCL" Name="fifo_generator.tcl"/>
  <File Type="REPORTS-TCL" Name="fifo_generator_reports.tcl"/>
  <File Type="RDS-RDS" Name="fifo_generator.vds"/>
  <File Type="RDS-UTIL" Name="fifo_generator_utilization_synth.rpt"/>
  <File Type="RDS-UTIL-PB" Name="fifo_generator_utilization_synth.pb"/>
  <File Type="RDS-DCP" Name="fifo_generator.dcp"/>
  <FileSet Name="sources" Type="BlockSrcs" RelSrcDir="$PSRCDIR/fifo_generator">
    <File Path="$PSRCDIR/sources_1/ip/fifo_generator/fifo_generator.xci">
      <FileInfo>
        <Attr Name="ImportPath" Val="$PPRDIR/../../Documents/UART - Copy/project_1/project_1.srcs/sources_1/ip/fifo_generator/fifo_generator.xci"/>
        <Attr Name="ImportTime" Val="1749145027"/>
        <Attr Name="UsedIn" Val="synthesis"/>
        <Attr Name="UsedIn" Val="implementation"/>
        <Attr Name="UsedIn" Val="simulation"/>
      </FileInfo>
    </File>
    <Config>
      <Option Name="TopModule" Val="fifo_generator"/>
      <Option Name="UseBlackboxStub" Val="1"/>
    </Config>
  </FileSet>
  <FileSet Name="constrs_in" Type="BlockSrcs" RelSrcDir="$PSRCDIR/fifo_generator">
    <File Path="$PSRCDIR/sources_1/ip/fifo_generator/fifo_generator.xci">
      <FileInfo>
        <Attr Name="ImportPath" Val="$PPRDIR/../../Documents/UART - Copy/project_1/project_1.srcs/sources_1/ip/fifo_generator/fifo_generator.xci"/>
        <Attr Name="ImportTime" Val="1749145027"/>
        <Attr Name="UsedIn" Val="synthesis"/>
        <Attr Name="UsedIn" Val="implementation"/>
        <Attr Name="UsedIn" Val="simulation"/>
      </FileInfo>
    </File>
    <Config>
      <Option Name="TopModule" Val="fifo_generator"/>
      <Option Name="UseBlackboxStub" Val="1"/>
    </Config>
  </FileSet>
  <FileSet Name="utils" Type="Utils" RelSrcDir="$PSRCDIR/utils_1">
    <Filter Type="Utils"/>
    <Config>
      <Option Name="TopAutoSet" Val="TRUE"/>
    </Config>
  </FileSet>
  <Strategy Version="1" Minor="2">
    <StratHandle Name="Vivado Synthesis Defaults" Flow="Vivado Synthesis 2019"/>
    <Step Id="synth_design"/>
  </Strategy>
</GenRun>
